group,visitors,conversions,conversion_rate,conversion_rate_pct,ci_lower,ci_upper
control,147202,17723,0.12039917935897611,12.04,0.11874663817862524,0.12207153253736108
treatment,147276,17514,0.11891957956489856,11.892,0.11727634450006874,0.12058269385729914
